name;grep-runtime;grep-result;re-runtime;re-result;pcre2-runtime;pcre2-result;rsaregex-runtime;rsaregex-result;rsaregex-matchtime;oldrsa-runtime;oldrsa-result;oldrsa-matchtime;js-runtime;js-result;java-runtime;java-result;net-runtime;net-result;rsacpp-runtime;rsacpp-result;rsacpp-matchtime
0;0.14;False;0.07;False;0.1;False;0.14;False;0.07297169099999999;0.52;False;0.08010731999999998;0.07;False;0.05;False;0.2;False;ERR;ERR;ERR
1;0.01;False;0.01;False;0.01;False;0.38;False;0.07398291800000001;32.18;False;0.08522121700000085;0.07;False;ERR;ERR;0.03;False;ERR;ERR;ERR
2;0.01;False;0.01;False;0.0;False;0.24;False;0.20581565999999998;0.48;False;0.24777025300000002;0.06;False;0.08;False;0.05;False;ERR;ERR;ERR
3;ERR;ERR;0.01;True;0.01;True;ERR;ERR;ERR;TO;TO;TO;0.07;True;0.06;True;0.03;True;0.09;False;0.07732465118169785
4;0.01;False;0.01;False;0.01;False;0.39;False;0.15770388400000002;2.96;False;0.1958583840000001;0.07;False;0.04;False;0.04;False;ERR;ERR;ERR
5;0.02;False;0.01;False;0.02;False;ERR;ERR;ERR;TO;TO;TO;0.05;False;0.03;False;0.04;False;ERR;ERR;ERR
6;0.0;True;0.01;True;0.01;True;0.04;True;0.0006728800000000007;0.19;True;0.0013320400000000066;0.05;True;TO;TO;0.04;True;ERR;ERR;ERR
7;0.01;False;83.99;False;0.01;False;0.42;False;0.374651582;0.54;False;0.3843371379999999;12.21;False;60.25;False;TO;TO;0.13;False;0.12717733532190323
8;0.01;False;0.01;False;0.06;False;6.21;False;0.4194019519999994;TO;TO;TO;ERR;ERR;ERR;ERR;ERR;ERR;ERR;ERR;ERR
9;0.01;False;0.0;False;0.0;False;0.02;False;1.637499999999903e-05;0.02;False;1.5824000000004557e-05;0.06;False;0.03;False;0.04;False;ERR;ERR;ERR
10;0.01;False;0.25;False;0.01;False;9.41;False;0.6114496350000005;TO;TO;TO;ERR;ERR;ERR;ERR;ERR;ERR;ERR;ERR;ERR
11;0.01;False;0.01;False;0.01;False;ERR;ERR;ERR;TO;TO;TO;0.07;False;0.06;False;0.04;False;ERR;ERR;ERR
12;0.0;False;0.09;False;0.01;False;1.61;False;0.14118522899999997;36.52;False;0.16517604900000293;0.08;False;0.04;False;0.33;False;0.04;True;0.0373725313693285
13;0.01;False;0.0;False;0.01;False;0.33;False;0.15807431900000002;1.18;False;0.16899186700000002;0.07;False;0.08;False;0.05;False;ERR;ERR;ERR
14;0.02;False;0.01;False;0.01;False;0.03;False;8.117200000000435e-05;0.02;False;8.774099999999535e-05;0.06;False;0.04;False;0.04;False;0.04;False;0.031023962423205376
15;1.3;True;0.0;True;0.02;True;0.19;True;0.131915425;0.37;True;0.151874313;0.06;True;0.05;False;0.03;True;ERR;ERR;ERR
16;0.01;False;0.01;False;0.01;False;0.18;False;0.153021876;0.24;False;0.184509149;0.05;False;0.06;False;0.03;False;ERR;ERR;ERR
17;0.0;True;0.0;True;0.01;True;0.45;True;0.30501079200000003;8.29;True;1.276607298;0.05;True;ERR;ERR;0.04;True;0.0;False;0.0020994972437620163
18;TO;TO;0.46;False;0.8;False;0.22;False;0.186809751;0.26;False;0.227570374;0.15;False;0.61;False;1.49;False;ERR;ERR;ERR
19;0.01;False;0.0;True;0.02;True;0.2;True;0.17503631;0.22;True;0.190815564;0.06;True;0.04;True;0.04;True;ERR;ERR;ERR
20;0.01;False;0.01;True;ERR;ERR;TO;TO;TO;TO;TO;TO;0.06;True;0.02;True;0.04;True;ERR;ERR;ERR
21;0.01;False;0.01;False;0.01;False;ERR;ERR;ERR;ERR;ERR;ERR;0.06;False;ERR;ERR;0.03;False;ERR;ERR;ERR
22;0.01;False;0.01;False;0.01;False;ERR;ERR;ERR;TO;TO;TO;0.05;False;0.05;False;0.03;False;ERR;ERR;ERR
23;0.01;False;TO;TO;0.01;False;ERR;ERR;ERR;TO;TO;TO;TO;TO;ERR;ERR;TO;TO;ERR;ERR;ERR
24;0.0;True;0.0;True;0.01;True;0.24;True;0.18461461599999998;0.39;True;0.184001096;0.05;True;0.06;True;0.03;True;ERR;ERR;ERR
25;0.0;False;0.01;True;0.01;True;0.88;True;0.20419813200000003;8.79;True;0.2825410829999999;ERR;ERR;ERR;ERR;ERR;ERR;ERR;ERR;ERR
26;ERR;ERR;0.0;False;0.01;False;0.3;False;0.138199328;2.04;False;0.15273965199999995;0.06;False;0.05;False;0.03;False;0.08;False;0.07632216811180115
27;0.01;False;0.01;False;0.01;False;0.58;False;0.243147795;TO;TO;TO;0.06;False;0.04;False;0.03;False;0.02;False;0.002254871651530266
28;0.01;False;0.01;False;0.01;False;0.55;False;0.00010477700000000034;48.63;False;0.00016867400000109;0.05;False;0.04;False;0.03;False;ERR;ERR;ERR
29;0.01;False;0.0;False;0.0;False;0.04;False;5.055600000000021e-05;0.19;False;8.362500000000384e-05;0.06;False;0.04;False;0.03;False;ERR;ERR;ERR
30;0.01;False;TO;TO;0.01;False;0.2;False;0.081144869;2.51;False;0.09431683899999976;TO;TO;5.67;False;66.76;False;ERR;ERR;ERR
31;0.01;False;0.02;False;0.02;False;0.03;False;0.0002874619999999953;0.03;False;0.00029606399999999866;0.06;False;0.1;False;0.06;False;ERR;ERR;ERR
32;ERR;ERR;0.01;False;0.01;False;1.25;False;0.0001837060000000612;12.73;False;0.00021256900000032886;0.05;False;0.04;False;0.04;False;0.04;False;0.03131620213389397
33;ERR;ERR;0.01;False;0.01;False;0.36;False;0.0015616640000000181;9.42;False;0.0019209730000007141;0.07;False;0.04;False;0.04;False;ERR;ERR;ERR
34;0.01;False;TO;TO;ERR;ERR;0.04;False;0.0004004110000000033;0.14;False;0.0006075219999999992;TO;TO;TO;TO;TO;TO;0.01;False;0.001957913860678673
35;0.01;False;0.01;False;ERR;ERR;0.05;False;0.0009610420000000092;0.05;False;0.0007165360000000037;0.07;False;0.08;False;0.04;False;ERR;ERR;ERR
36;91.66;True;0.0;True;0.0;True;0.28;True;0.257859166;0.42;True;0.335941969;0.06;True;6.06;False;0.04;True;ERR;ERR;ERR
37;ERR;ERR;0.01;True;0.01;True;0.15;True;0.08014462700000001;0.46;True;0.087837885;0.06;True;0.04;True;0.03;True;ERR;ERR;ERR
38;0.01;False;0.01;False;0.0;False;0.02;False;2.0460999999999396e-05;0.26;False;3.773600000001043e-05;0.06;False;0.03;False;0.03;False;ERR;ERR;ERR
39;ERR;ERR;0.01;False;0.01;False;0.8;False;0.14841755499999998;19.32;False;0.1658515230000006;0.07;False;0.03;False;0.05;False;ERR;ERR;ERR
40;ERR;ERR;0.01;False;0.01;False;0.33;False;0.18560605399999996;2.04;False;0.19563290500000008;0.06;False;0.05;False;0.04;False;ERR;ERR;ERR
41;ERR;ERR;TO;TO;0.01;False;0.06;False;0.0007387690000000002;0.32;False;0.0008009620000000162;TO;TO;TO;TO;TO;TO;ERR;ERR;ERR
42;0.01;False;0.73;False;0.75;False;0.57;False;0.25538391099999996;TO;TO;TO;0.16;False;ERR;ERR;1.53;False;0.01;False;0.0020010676234960556
43;0.02;False;0.01;True;0.01;True;0.17;True;0.103902738;0.44;True;0.113736118;ERR;ERR;ERR;ERR;ERR;ERR;0.03;True;0.03069966845214367
44;TO;TO;0.01;True;0.01;True;0.34;True;0.23815975800000003;0.69;True;0.331550587;0.06;True;0.06;False;0.03;True;ERR;ERR;ERR
45;0.01;False;0.0;True;0.01;True;0.86;True;0.15875087499999996;9.88;True;0.21169304200000028;ERR;ERR;ERR;ERR;ERR;ERR;ERR;ERR;ERR
46;0.02;False;0.01;False;0.01;False;0.49;False;0.09653743199999998;3.09;False;0.11043077599999984;0.06;False;0.04;False;0.04;False;ERR;ERR;ERR
47;0.01;False;0.01;True;0.0;True;0.63;True;0.15030115299999997;7.52;True;0.1946059929999997;ERR;ERR;ERR;ERR;ERR;ERR;ERR;ERR;ERR
48;0.02;False;0.0;False;0.01;False;0.05;False;0.026779536;0.06;False;0.028032186;0.07;False;0.04;False;0.04;False;ERR;ERR;ERR
49;0.02;False;0.01;False;ERR;ERR;0.05;False;0.0006469009999999983;0.04;False;0.0006807019999999983;0.05;False;0.07;False;0.04;False;ERR;ERR;ERR
50;0.01;False;0.01;False;0.01;False;0.1;False;4.655000000000631e-05;0.84;False;5.651499999992371e-05;0.06;False;0.02;False;0.03;False;0.11;True;0.10546936094760895
51;ERR;ERR;0.02;False;ERR;ERR;TO;TO;TO;TO;TO;TO;0.07;False;0.05;False;0.05;False;ERR;ERR;ERR
52;0.02;False;0.0;False;0.02;False;0.19;False;0.160206741;0.24;False;0.17946223300000003;0.06;False;0.04;False;0.04;False;ERR;ERR;ERR
53;89.7;False;0.51;False;0.81;False;0.24;False;0.201313202;0.37;False;0.23732680799999997;0.1;False;0.52;False;1.71;False;ERR;ERR;ERR
54;0.01;False;85.28;False;0.01;False;0.39;False;0.33491106200000004;0.7;False;0.367116222;12.24;False;60.88;False;TO;TO;ERR;ERR;ERR
55;0.01;False;0.11;False;0.13;False;0.14;False;0.08014387699999999;0.54;False;0.09071287099999997;0.09;False;ERR;ERR;0.35;False;ERR;ERR;ERR
56;0.01;False;0.01;False;0.01;False;0.03;False;2.6318999999996873e-05;0.04;False;2.7191000000002796e-05;0.06;False;0.03;False;0.02;False;ERR;ERR;ERR
57;0.01;False;0.01;False;0.01;False;0.14;False;0.103905493;0.85;False;0.12275982200000002;0.07;False;0.05;False;0.04;False;ERR;ERR;ERR
58;0.01;False;0.01;False;0.0;False;0.03;False;5.2418999999997995e-05;0.04;False;5.8978000000001196e-05;0.05;False;0.03;False;0.05;False;ERR;ERR;ERR
59;0.01;False;10.05;False;0.01;False;2.51;False;0.2830628270000002;15.19;False;0.30286460900000023;0.27;False;4.13;False;12.07;False;ERR;ERR;ERR
60;0.01;True;0.01;False;0.01;False;24.93;False;0.46733127400000285;TO;TO;TO;0.05;False;0.03;False;0.05;False;ERR;ERR;ERR
61;0.02;False;0.59;False;0.01;False;6.55;False;0.18378258800000058;45.28;False;0.2082509239999979;0.1;False;0.47;False;0.95;False;0.01;False;0.002155432477593422
62;TO;TO;0.42;False;0.77;False;0.13;False;0.10704807000000001;0.17;False;0.130015002;0.15;False;0.55;False;1.6;False;ERR;ERR;ERR
63;ERR;ERR;0.0;False;0.0;False;0.25;False;4.224399999999684e-05;2.64;False;6.592900000024216e-05;0.07;False;0.05;False;0.04;False;0.01;False;0.002020418643951416
64;0.01;False;0.01;True;0.01;True;0.62;True;0.257387218;5.27;True;0.32279811999999986;ERR;ERR;ERR;ERR;ERR;ERR;ERR;ERR;ERR
65;0.01;False;0.01;False;0.01;False;ERR;ERR;ERR;TO;TO;TO;0.06;False;ERR;ERR;0.03;False;ERR;ERR;ERR
66;0.02;False;0.01;False;0.0;False;0.02;False;1.9109000000003262e-05;0.03;False;2.1432000000001783e-05;0.06;False;0.06;False;0.05;False;ERR;ERR;ERR
67;0.07;True;0.93;True;1.76;True;0.27;True;0.244531802;0.38;True;0.321106391;0.37;True;0.77;True;3.5;True;ERR;ERR;ERR
68;0.0;False;0.0;True;0.01;True;0.72;True;0.144573986;7.28;True;0.19000305399999995;ERR;ERR;0.1;False;0.03;True;ERR;ERR;ERR
69;ERR;ERR;0.03;False;0.02;False;0.53;False;0.324145503;3.2;False;0.43450641400000034;0.1;False;ERR;ERR;0.05;False;ERR;ERR;ERR
70;0.0;False;0.01;False;0.01;False;0.17;False;0.11451388500000001;0.22;False;0.13042531899999998;0.07;False;0.04;False;0.04;False;0.01;False;0.01622152142226696
71;0.01;False;0.01;False;0.01;False;0.04;False;0.00011776699999999779;0.19;False;0.00016434700000000912;0.06;False;0.04;False;0.03;False;ERR;ERR;ERR
72;20.52;True;0.01;True;0.01;True;0.36;True;0.18793295699999998;1.63;True;0.22868700899999994;0.06;True;0.2;False;0.05;True;0.01;False;0.0021164044737815857
73;7.1;True;0.0;True;0.0;True;ERR;ERR;ERR;ERR;ERR;ERR;0.06;True;0.06;True;0.04;True;0.19;True;0.1854991875588894
74;0.01;False;0.0;False;0.0;False;0.63;False;0.324859996;TO;TO;TO;0.06;False;0.05;False;0.04;False;ERR;ERR;ERR
75;0.02;False;0.01;True;0.0;True;0.58;True;0.18211433399999993;5.5;True;0.23728004800000058;ERR;ERR;ERR;ERR;ERR;ERR;0.03;True;0.02531454712152481
76;TO;TO;0.01;True;0.01;True;0.74;True;0.619272508;24.36;True;9.808390414;0.07;True;0.05;True;0.04;True;ERR;ERR;ERR
77;0.0;False;0.06;False;0.06;False;0.13;False;0.051359351;0.43;False;0.05757558099999999;0.08;False;0.05;False;0.15;False;ERR;ERR;ERR
78;TO;TO;0.01;True;0.01;True;TO;TO;TO;TO;TO;TO;0.07;True;0.05;True;0.04;True;ERR;ERR;ERR
79;0.01;False;0.01;True;0.01;True;0.63;True;0.19851937799999997;5.69;True;0.24396708500000042;ERR;ERR;ERR;ERR;ERR;ERR;ERR;ERR;ERR
80;TO;TO;0.01;True;0.0;True;0.18;True;0.157353097;0.29;True;0.265165894;0.06;True;0.06;True;0.04;True;ERR;ERR;ERR
81;0.01;False;0.18;False;0.01;False;1.78;False;0.29352978800000007;TO;TO;TO;ERR;ERR;ERR;ERR;ERR;ERR;ERR;ERR;ERR
82;ERR;ERR;0.0;True;0.01;True;ERR;ERR;ERR;TO;TO;TO;0.06;True;0.56;False;0.03;True;ERR;ERR;ERR
83;0.0;False;0.0;False;0.0;False;TO;TO;TO;TO;TO;TO;0.06;False;0.04;False;0.03;False;ERR;ERR;ERR
84;0.01;False;1.16;False;0.01;False;19.41;False;0.1429646499999997;TO;TO;TO;0.18;False;0.05;False;0.68;False;ERR;ERR;ERR
85;4.06;False;2.08;False;0.0;False;0.26;False;0.135137602;1.67;False;0.14956059099999996;0.81;False;0.06;False;0.05;False;ERR;ERR;ERR
86;0.01;True;0.01;True;0.01;True;0.28;True;0.18933386000000002;2.87;True;0.20952853299999985;0.07;True;0.03;False;0.03;True;ERR;ERR;ERR
87;0.01;True;0.01;True;0.01;True;0.04;True;0.0005054690000000014;0.26;True;0.0007052989999999926;0.05;True;0.06;False;0.04;True;ERR;ERR;ERR
88;ERR;ERR;0.0;True;0.0;True;37.74;True;0.3913380979999985;TO;TO;TO;0.05;True;0.04;True;0.05;True;ERR;ERR;ERR
89;0.38;False;0.01;False;0.01;False;0.19;False;0.16027400199999997;0.21;False;0.183150259;0.07;False;0.05;False;0.04;False;ERR;ERR;ERR
90;0.01;False;0.01;False;0.01;False;0.45;False;0.24682867999999997;9.01;False;0.30417275300000046;0.09;False;0.13;False;0.04;False;ERR;ERR;ERR
91;ERR;ERR;0.01;False;0.01;False;0.68;False;0.14155842899999999;17.35;False;0.14750954199999988;0.07;False;0.03;False;0.03;False;ERR;ERR;ERR
92;TO;TO;TO;TO;ERR;ERR;TO;TO;TO;TO;TO;TO;TO;TO;TO;TO;TO;TO;ERR;ERR;ERR
93;0.04;True;0.01;True;0.01;True;0.13;True;0.08270855600000002;1.34;True;0.1480288409999999;0.06;True;0.18;False;0.04;True;ERR;ERR;ERR
94;ERR;ERR;TO;TO;ERR;ERR;TO;TO;TO;TO;TO;TO;TO;TO;ERR;ERR;TO;TO;ERR;ERR;ERR
95;0.01;False;0.01;True;0.01;True;1.37;True;0.26871563099999995;14.39;True;0.35024609900000137;ERR;ERR;ERR;ERR;ERR;ERR;ERR;ERR;ERR
96;0.01;False;2.98;False;4.55;False;0.33;False;0.297424204;0.41;False;0.32716961099999997;0.6;False;2.31;False;7.99;False;0.05;False;0.04302385635674
97;0.02;False;0.01;False;0.0;False;0.05;False;3.820699999999844e-05;1.41;False;6.285400000005659e-05;0.07;False;0.02;False;0.03;False;ERR;ERR;ERR
98;0.01;False;0.01;True;0.01;True;1.35;True;0.17577144299999992;21.9;True;0.2189478109999996;0.07;True;0.09;False;0.03;True;ERR;ERR;ERR
99;0.01;False;0.01;False;0.01;False;0.03;False;3.28090000000017e-05;0.03;False;3.449099999999761e-05;0.07;False;0.03;False;0.04;False;ERR;ERR;ERR
100;0.01;False;0.01;True;0.01;True;0.58;True;0.13572715599999996;6.71;True;0.17592433299999932;ERR;ERR;ERR;ERR;ERR;ERR;ERR;ERR;ERR
101;23.78;True;0.0;True;0.01;True;0.24;True;0.210763215;0.27;True;0.226632206;0.05;True;0.07;True;0.03;True;ERR;ERR;ERR
102;0.01;False;TO;TO;0.01;False;0.24;False;0.12000497699999998;3.21;False;0.13168096299999998;59.5;False;3.78;False;TO;TO;ERR;ERR;ERR
103;0.01;False;0.01;True;0.01;True;0.07;True;0.029849533999999997;0.32;True;0.032874234;0.07;True;ERR;ERR;0.04;True;0.03;False;0.019176317378878593
104;0.01;False;TO;TO;0.01;False;0.11;False;0.060067441;13.66;False;0.15395283299999996;TO;TO;TO;TO;TO;TO;0.04;False;0.02927476353943348
105;0.01;False;0.0;False;0.0;False;1.22;False;0.00024825200000000436;14.05;False;0.00028814200000049084;0.06;False;0.05;False;0.04;False;ERR;ERR;ERR
106;0.02;True;0.01;False;0.01;False;25.74;False;0.4341075150000009;TO;TO;TO;0.06;False;0.03;False;0.04;False;ERR;ERR;ERR
107;0.01;False;0.05;False;0.05;False;0.22;False;0.18070612;0.46;False;0.30728477499999995;0.12;False;0.17;False;0.03;False;ERR;ERR;ERR
108;TO;TO;TO;TO;ERR;ERR;0.08;False;0.045106174;0.12;False;0.08233102899999999;TO;TO;TO;TO;TO;TO;ERR;ERR;ERR
109;0.01;False;0.01;False;0.01;False;0.22;False;0.15376778600000002;1.47;False;0.18579229399999986;0.06;False;0.06;False;0.03;False;ERR;ERR;ERR
110;ERR;ERR;0.01;True;0.0;True;0.23;False;0.142887674;0.51;False;0.15607396699999998;ERR;ERR;0.05;False;0.04;True;ERR;ERR;ERR
111;ERR;ERR;0.0;False;0.0;False;0.03;False;2.1872999999998644e-05;0.03;False;2.999499999999794e-05;0.07;False;0.05;False;0.05;False;ERR;ERR;ERR
112;ERR;ERR;0.0;False;0.01;False;0.36;False;0.0018061109999999991;10.37;False;0.0020780790000003435;0.06;False;0.04;False;0.03;False;ERR;ERR;ERR
113;ERR;ERR;0.0;True;0.01;True;ERR;ERR;ERR;TO;TO;TO;0.06;True;0.04;True;0.03;True;ERR;ERR;ERR
114;0.01;False;0.0;False;0.01;False;0.19;False;0.138000358;2.02;False;0.15002661000000006;0.05;False;0.05;False;0.03;False;ERR;ERR;ERR
115;0.01;False;0.0;False;0.01;False;0.33;False;0.21637959599999998;TO;TO;TO;0.07;False;ERR;ERR;0.04;False;ERR;ERR;ERR
116;0.02;False;4.31;False;0.01;False;0.11;False;0.057594069;0.28;False;0.06268835499999997;0.78;False;0.07;False;8.3;False;ERR;ERR;ERR
117;0.01;False;0.01;False;0.01;False;0.31;False;0.086351223;7.68;False;0.09720719800000044;0.06;False;0.04;False;0.04;False;0.03;False;0.016794897615909576
118;0.01;False;0.11;False;0.0;False;TO;TO;TO;TO;TO;TO;0.1;False;0.23;False;0.59;False;ERR;ERR;ERR
119;0.02;False;0.02;False;0.03;False;0.84;False;0.154132532;10.03;False;0.18336618200000032;ERR;ERR;ERR;ERR;ERR;ERR;ERR;ERR;ERR
120;0.01;False;0.01;False;0.01;False;2.55;False;0.07744605699999996;19.66;False;0.08752938099999952;0.06;False;0.05;False;0.03;False;ERR;ERR;ERR
121;ERR;ERR;0.0;True;0.01;True;7.69;True;0.001182816000000031;TO;TO;TO;0.05;True;0.03;True;0.04;True;ERR;ERR;ERR
122;ERR;ERR;0.0;False;0.01;False;0.32;False;0.16642210000000002;1.72;False;0.1939637299999999;0.07;False;0.04;False;0.04;False;ERR;ERR;ERR
123;32.54;True;0.01;True;0.01;True;0.51;True;0.37432767400000005;1.83;True;0.38190600099999994;0.05;True;0.09;True;0.04;True;ERR;ERR;ERR
124;ERR;ERR;0.01;True;0.01;True;0.14;True;0.10846507600000001;0.15;True;0.12118593;0.07;True;0.06;True;0.04;True;ERR;ERR;ERR
125;0.01;False;0.01;False;0.01;False;0.1;False;0.07762724900000001;0.14;False;0.088457745;0.06;False;0.06;False;0.04;False;ERR;ERR;ERR
126;0.02;False;0.0;True;0.01;True;TO;TO;TO;TO;TO;TO;ERR;ERR;ERR;ERR;ERR;ERR;0.01;False;0.002113429829478264
127;0.01;False;0.01;False;0.01;False;0.37;False;0.162048173;2.81;False;0.19261136999999984;0.06;False;0.05;False;0.03;False;0.01;False;0.0017633847892284393
128;0.01;False;TO;TO;TO;TO;0.1;False;0.061134353;0.14;False;0.08689920599999999;TO;TO;TO;TO;TO;TO;ERR;ERR;ERR
129;TO;TO;0.01;True;0.01;True;0.35;True;0.214485382;2.1;True;0.441436205;0.07;True;0.04;True;0.03;True;ERR;ERR;ERR
130;0.01;False;0.0;False;0.01;False;0.12;False;0.058972697;2.15;False;0.06506589399999996;0.05;False;0.03;False;0.03;False;0.02;False;0.021089307963848114
131;0.0;False;TO;TO;0.01;False;0.11;False;0.00046470699999999476;0.71;False;0.0005297749999999546;TO;TO;TO;TO;TO;TO;ERR;ERR;ERR
132;0.01;False;0.01;False;0.01;False;0.27;False;0.17499277400000002;1.62;False;0.18070323499999996;0.06;False;ERR;ERR;0.05;False;ERR;ERR;ERR
133;0.23;True;0.01;True;0.01;True;0.05;True;0.025204923000000004;0.05;True;0.02512304;0.07;True;0.04;True;0.04;True;ERR;ERR;ERR
134;1.72;True;0.0;True;0.0;True;0.15;True;0.10523747099999999;0.22;True;0.11782618700000001;0.06;True;0.09;True;0.04;True;ERR;ERR;ERR
135;3.26;True;0.0;True;0.0;True;0.74;True;0.42304325800000003;3.0;True;0.47795295799999993;0.06;True;28.33;False;0.03;True;0.01;False;0.0022085923701524734
136;0.01;False;0.0;True;0.01;True;0.09;True;0.043056859;0.12;True;0.04716017700000001;ERR;ERR;ERR;ERR;ERR;ERR;0.02;False;0.012350605800747871
137;ERR;ERR;0.02;False;0.01;False;0.42;False;0.20698296100000002;2.94;False;0.22143533400000015;0.07;False;0.13;False;0.03;False;ERR;ERR;ERR
138;0.01;False;0.01;False;0.01;False;0.04;False;5.156700000000236e-05;0.2;False;8.745199999998787e-05;0.06;False;0.03;False;0.03;False;ERR;ERR;ERR
139;0.01;False;0.0;True;0.0;True;0.37;True;0.24624799700000002;1.25;True;0.3246441809999999;0.07;True;0.07;True;0.03;True;0.14;False;0.12581226415932178
140;0.01;False;0.01;False;0.01;False;0.24;False;0.116399837;0.76;False;0.12971142700000005;0.07;False;0.05;False;0.04;False;0.0;False;0.0019563138484954834
141;0.0;False;0.01;False;0.01;False;0.11;False;0.049334631000000004;0.48;False;0.055714898999999984;0.05;False;0.03;False;0.03;False;ERR;ERR;ERR
142;0.01;False;0.0;True;0.01;True;0.52;True;0.172584468;4.94;True;0.232987724;ERR;ERR;ERR;ERR;ERR;ERR;0.04;False;0.02667532116174698
143;0.01;False;0.11;False;0.01;False;0.1;False;0.056540707;0.66;False;0.08010208399999996;0.21;False;0.29;False;0.05;False;0.01;False;0.0018994547426700592
144;0.01;False;0.43;False;0.01;False;40.52;False;0.35668303099999576;TO;TO;TO;ERR;ERR;ERR;ERR;ERR;ERR;ERR;ERR;ERR
145;0.84;True;0.01;True;0.01;True;0.19;True;0.158429974;0.32;True;0.250575354;0.05;True;0.05;False;0.02;True;ERR;ERR;ERR
146;0.01;False;0.0;False;0.0;False;0.15;False;0.066451363;0.65;False;0.06890875199999996;0.06;False;0.04;False;0.03;False;ERR;ERR;ERR
147;0.01;False;0.01;False;0.01;False;0.69;False;0.139237475;5.52;False;0.16314630199999947;0.05;False;0.03;False;0.03;False;ERR;ERR;ERR
148;0.02;False;0.01;False;0.01;False;0.03;False;2.089200000000152e-05;0.05;False;2.964400000000228e-05;0.06;False;0.03;False;0.05;False;ERR;ERR;ERR
149;ERR;ERR;0.0;False;0.01;False;ERR;ERR;ERR;TO;TO;TO;0.07;False;0.04;False;0.04;False;ERR;ERR;ERR
150;0.02;False;0.01;False;0.01;False;ERR;ERR;ERR;TO;TO;TO;0.06;False;0.04;False;0.03;False;ERR;ERR;ERR
151;0.01;True;0.01;True;0.01;True;0.21;True;0.117133537;0.53;True;0.13292129499999994;0.05;True;ERR;ERR;0.04;True;0.02;False;0.0020565614104270935
152;10.9;True;0.01;True;0.01;True;0.36;True;0.293840385;0.83;True;0.40321724000000003;0.05;True;0.07;True;0.04;True;ERR;ERR;ERR
153;0.01;False;0.01;False;0.01;False;4.55;False;0.819007188;42.66;False;0.8826139330000018;0.04;False;0.09;False;0.05;False;ERR;ERR;ERR
154;0.0;True;0.01;True;0.0;True;0.14;True;0.075597421;0.86;True;0.08406096699999999;0.05;True;0.06;False;0.04;True;ERR;ERR;ERR
155;0.01;False;0.0;False;0.01;False;1.0;False;0.23407215199999998;7.44;False;0.2603603510000001;0.05;False;0.03;False;0.02;False;ERR;ERR;ERR
156;0.0;False;0.0;True;0.01;True;0.5;True;0.17763382;20.21;True;0.24599478800000085;0.06;True;0.1;False;0.05;True;ERR;ERR;ERR
157;0.02;False;0.01;True;0.01;True;0.66;True;0.19322077399999998;6.64;True;0.25771041399999994;ERR;ERR;ERR;ERR;ERR;ERR;0.01;False;0.0023644641041755676
158;0.02;False;0.01;False;0.01;False;ERR;ERR;ERR;TO;TO;TO;0.07;False;0.06;False;0.03;False;ERR;ERR;ERR
159;0.0;False;0.0;True;0.01;True;0.84;True;0.14790872099999997;9.77;True;0.18594120699999905;ERR;ERR;ERR;ERR;ERR;ERR;ERR;ERR;ERR
160;0.01;False;0.01;True;0.01;True;0.64;True;0.14267087900000003;6.92;True;0.18193207000000022;ERR;ERR;ERR;ERR;ERR;ERR;0.02;False;0.014485616236925125
161;0.01;False;0.01;False;0.01;False;0.24;False;0.18337753;0.72;False;0.213536338;0.06;True;0.04;False;0.04;False;ERR;ERR;ERR
162;0.01;False;0.0;False;0.01;False;2.55;False;0.21608168800000005;89.02;False;0.24097421199999758;0.07;False;0.05;False;0.04;False;ERR;ERR;ERR
163;0.01;False;0.01;False;0.01;False;0.31;False;0.22605338599999997;0.36;False;0.24080435700000002;0.07;False;0.06;False;0.03;False;ERR;ERR;ERR
164;87.45;True;0.01;True;0.0;True;0.28;True;0.25618960999999996;0.36;True;0.323547154;0.06;True;3.75;False;0.03;True;ERR;ERR;ERR
165;0.02;False;0.01;True;0.0;True;2.3;True;0.16683416799999984;37.76;True;0.22756329199999925;ERR;ERR;ERR;ERR;ERR;ERR;ERR;ERR;ERR
166;0.01;False;0.11;False;0.24;False;0.23;False;0.154967866;0.56;False;0.15787542099999996;0.08;False;ERR;ERR;0.53;False;ERR;ERR;ERR
167;ERR;ERR;0.01;False;0.01;False;TO;TO;TO;TO;TO;TO;ERR;ERR;ERR;ERR;ERR;ERR;ERR;ERR;ERR
168;16.55;True;0.01;True;0.01;True;0.13;True;0.12118730200000001;0.17;True;0.139208742;0.06;True;0.05;True;0.04;True;ERR;ERR;ERR
169;0.01;False;0.01;True;0.01;True;0.32;True;0.190205779;3.65;True;0.2417623849999999;0.06;True;0.19;False;0.04;True;ERR;ERR;ERR
170;0.02;False;0.01;False;0.01;False;0.03;False;5.987000000000353e-05;0.04;False;6.252399999999436e-05;0.06;False;0.04;False;0.05;False;ERR;ERR;ERR
171;0.0;False;TO;TO;ERR;ERR;0.14;False;0.07815720400000001;0.42;False;0.08777336899999999;TO;TO;TO;TO;TO;TO;ERR;ERR;ERR
172;0.0;False;1.25;False;0.01;False;ERR;ERR;ERR;TO;TO;TO;0.13;False;ERR;ERR;3.81;False;ERR;ERR;ERR
173;ERR;ERR;0.02;False;ERR;ERR;TO;TO;TO;TO;TO;TO;0.06;False;ERR;ERR;0.05;False;ERR;ERR;ERR
174;ERR;ERR;2.82;False;0.01;False;0.36;False;0.192413363;1.96;False;0.20314960800000015;0.5;False;0.05;False;3.92;False;ERR;ERR;ERR
175;0.32;True;0.01;True;0.01;True;0.25;True;0.163656619;1.4;True;0.2602020930000001;0.06;True;0.04;False;0.04;True;ERR;ERR;ERR
176;0.01;False;0.06;False;0.1;False;TO;TO;TO;TO;TO;TO;ERR;ERR;ERR;ERR;ERR;ERR;ERR;ERR;ERR
177;TO;TO;0.01;True;0.01;True;0.21;True;0.122996437;0.71;True;0.15037558399999995;0.06;True;0.05;True;0.04;True;ERR;ERR;ERR
178;0.0;False;0.0;False;0.01;False;ERR;ERR;ERR;TO;TO;TO;0.06;False;0.05;False;0.02;False;ERR;ERR;ERR
179;0.01;False;0.03;False;0.01;False;0.5;False;0.214875849;80.39;False;0.26040749099999516;ERR;ERR;ERR;ERR;ERR;ERR;ERR;ERR;ERR
180;0.01;False;0.0;False;0.0;False;0.05;False;5.3860000000002795e-05;0.08;False;8.653000000000133e-05;0.07;False;0.05;False;0.03;False;ERR;ERR;ERR
181;0.02;False;0.01;False;0.01;False;0.42;False;0.18453146200000003;1.82;False;0.22794826999999995;0.07;False;0.04;False;0.04;False;ERR;ERR;ERR
182;0.01;False;0.01;True;0.01;True;1.59;True;0.21166382699999997;21.3;True;0.27295200100000017;ERR;ERR;ERR;ERR;ERR;ERR;ERR;ERR;ERR
183;0.01;False;0.01;True;0.0;True;0.11;True;0.07889960800000001;0.18;True;0.11345892199999999;0.07;True;ERR;ERR;0.03;True;ERR;ERR;ERR
184;19.17;True;0.0;True;0.01;True;0.04;True;0.026794799;0.07;True;0.043643588999999997;0.06;True;0.04;True;0.03;True;ERR;ERR;ERR
185;0.02;False;0.88;False;0.01;False;0.11;False;0.034542288000000004;6.78;False;0.03650579500000006;0.32;False;0.05;False;2.95;False;ERR;ERR;ERR
186;0.01;False;0.01;False;0.01;False;1.35;False;0.09669863500000009;10.96;False;0.11257975200000025;0.06;False;0.03;False;0.03;False;ERR;ERR;ERR
187;0.0;False;0.0;True;0.0;True;8.28;True;0.6350039110000001;46.6;True;0.7359536049999988;0.05;True;4.09;False;0.03;True;ERR;ERR;ERR
188;0.01;False;0.03;False;0.01;False;0.82;False;0.09926368500000005;TO;TO;TO;0.06;False;0.06;False;0.11;False;0.05;True;0.03484259732067585
189;ERR;ERR;0.01;False;0.01;False;0.36;False;0.11792012800000001;2.74;False;0.12527791200000005;0.05;False;0.06;False;0.05;False;ERR;ERR;ERR
190;ERR;ERR;0.12;False;1.15;False;0.82;False;0.501825359;TO;TO;TO;0.22;False;0.25;False;0.05;False;ERR;ERR;ERR
191;0.19;True;0.01;True;0.01;True;0.62;True;0.564279022;0.79;True;0.686063302;0.06;True;0.04;True;0.04;True;ERR;ERR;ERR
192;ERR;ERR;0.0;True;0.01;True;0.04;True;0.0002900549999999974;0.29;True;0.0004823229999999512;0.05;True;0.03;True;0.03;True;ERR;ERR;ERR
193;ERR;ERR;TO;TO;ERR;ERR;TO;TO;TO;TO;TO;TO;TO;TO;ERR;ERR;TO;TO;ERR;ERR;ERR
194;TO;TO;0.37;False;0.58;False;ERR;ERR;ERR;TO;TO;TO;0.1;False;0.42;False;1.2;False;ERR;ERR;ERR
195;0.67;False;0.01;False;0.01;False;0.19;False;0.111396897;0.81;False;0.13274921700000009;0.05;True;0.05;False;0.03;False;ERR;ERR;ERR
196;0.01;False;0.01;False;0.0;False;11.61;False;0.37145050800000057;TO;TO;TO;ERR;ERR;ERR;ERR;ERR;ERR;ERR;ERR;ERR
197;0.03;True;0.01;True;0.01;True;0.11;True;0.062074314;0.19;True;0.07409921300000001;0.06;True;0.03;False;0.04;True;ERR;ERR;ERR
198;0.01;False;0.01;False;0.01;False;ERR;ERR;ERR;TO;TO;TO;0.06;False;ERR;ERR;0.04;False;ERR;ERR;ERR
199;0.01;False;0.0;False;0.01;False;0.03;False;2.250399999999958e-05;0.08;False;3.0606000000002465e-05;ERR;ERR;ERR;ERR;ERR;ERR;ERR;ERR;ERR
200;0.0;False;0.01;False;0.01;False;0.18;False;0.125536541;0.22;False;0.143664691;0.07;False;0.04;False;0.05;False;ERR;ERR;ERR
201;0.01;False;0.87;False;0.0;False;0.78;False;0.10540049600000001;2.88;False;0.11665619100000013;0.18;False;0.06;False;1.38;False;ERR;ERR;ERR
202;0.01;False;TO;TO;0.0;False;0.25;False;0.13446602400000002;2.95;False;0.18132736299999985;8.13;False;79.42;False;1.51;False;ERR;ERR;ERR
203;0.02;False;0.0;True;0.01;True;1.03;True;0.247356523;11.0;True;0.3319236080000003;ERR;ERR;ERR;ERR;ERR;ERR;ERR;ERR;ERR
204;0.01;False;0.01;False;0.0;False;0.41;False;0.338290985;2.98;False;0.37155013699999984;0.06;False;0.06;False;0.04;False;ERR;ERR;ERR
205;0.0;False;0.39;False;0.03;False;0.18;False;0.076676772;1.43;False;0.08433816199999988;0.14;False;0.3;False;0.42;False;ERR;ERR;ERR
206;0.01;False;0.01;True;0.01;True;0.21;True;0.179076023;0.25;True;0.205037452;0.07;True;0.06;True;0.03;True;ERR;ERR;ERR
207;0.01;False;0.0;False;0.01;False;TO;TO;TO;TO;TO;TO;0.07;False;0.06;False;0.05;False;ERR;ERR;ERR
208;0.11;True;0.01;True;0.01;True;0.09;True;0.070375103;0.19;True;0.11332986800000001;0.06;True;ERR;ERR;0.04;True;ERR;ERR;ERR
209;0.0;False;1.22;False;0.01;False;0.09;False;0.047810764000000006;0.3;False;0.05473016;0.39;False;ERR;ERR;0.03;False;ERR;ERR;ERR
210;0.01;False;0.46;False;0.0;False;0.14;False;0.05178005100000001;1.17;False;0.06404458099999999;0.17;False;0.6;False;1.69;False;ERR;ERR;ERR
211;0.02;False;2.44;False;0.01;False;0.82;False;0.2827954160000001;5.29;False;0.32553750099999945;0.5;False;1.93;False;7.61;False;ERR;ERR;ERR
212;0.01;False;0.01;True;0.01;True;3.21;True;0.24127241899999996;38.01;True;0.31764093900000034;ERR;ERR;ERR;ERR;ERR;ERR;ERR;ERR;ERR
213;0.01;False;TO;TO;0.01;False;1.68;False;0.08746250200000016;22.53;False;0.10279858999999902;49.39;False;1.07;False;59.53;False;ERR;ERR;ERR
214;ERR;ERR;0.01;False;0.01;False;ERR;ERR;ERR;TO;TO;TO;0.06;False;0.05;False;0.03;False;ERR;ERR;ERR
215;0.01;False;0.01;False;0.01;False;0.08;False;0.00010294399999999371;0.26;False;0.00012099099999998697;0.07;False;0.04;False;0.02;False;ERR;ERR;ERR
216;TO;TO;1.74;False;1.53;False;0.2;False;0.167509882;0.21;False;0.17918637899999998;0.31;False;0.88;False;3.3;False;ERR;ERR;ERR
217;ERR;ERR;0.0;False;0.01;False;0.07;False;7.242900000001273e-05;10.46;False;0.00011398100000015177;0.07;False;0.03;False;0.05;False;ERR;ERR;ERR
218;0.01;False;1.74;True;2.21;True;2.33;True;0.283270519;20.75;True;0.2955211670000004;0.38;True;2.52;False;5.48;True;ERR;ERR;ERR
219;0.02;False;0.01;False;0.01;False;0.2;False;0.00024548899999998763;0.69;False;0.0003053490000000103;0.06;False;0.04;False;0.04;False;ERR;ERR;ERR
220;0.01;False;1.28;False;2.07;False;0.58;False;0.16829028400000007;5.54;False;0.18328825599999998;0.33;False;0.73;False;4.26;False;ERR;ERR;ERR
221;0.0;False;0.01;True;0.01;True;0.59;True;0.18418098500000002;5.98;True;0.24367254199999966;ERR;ERR;ERR;ERR;ERR;ERR;ERR;ERR;ERR
222;ERR;ERR;0.01;False;0.01;False;0.33;False;0.00011084599999999778;4.76;False;0.00011056600000003414;0.06;False;ERR;ERR;0.04;False;ERR;ERR;ERR
223;59.41;False;0.36;False;0.57;False;ERR;ERR;ERR;ERR;ERR;ERR;0.11;False;0.43;False;1.03;False;ERR;ERR;ERR
224;0.0;False;0.0;False;0.01;False;0.03;False;3.0024999999996027e-05;0.04;False;2.8372999999998205e-05;0.06;False;0.04;False;0.04;False;ERR;ERR;ERR
225;0.02;False;0.0;True;0.01;True;0.2;True;0.162609857;0.29;True;0.17599225400000001;0.07;True;0.05;True;0.03;True;ERR;ERR;ERR
226;0.01;False;0.01;True;0.0;True;0.74;True;0.25902382500000004;6.64;True;0.31866106000000016;ERR;ERR;ERR;ERR;ERR;ERR;ERR;ERR;ERR
227;0.01;False;0.01;True;0.01;True;0.44;True;0.15684955099999998;5.26;True;0.19713461899999984;0.07;True;ERR;ERR;0.04;True;ERR;ERR;ERR
228;0.01;False;0.01;True;0.01;True;0.54;True;0.12233252;5.89;True;0.16708165000000008;ERR;ERR;ERR;ERR;ERR;ERR;ERR;ERR;ERR
229;0.01;False;0.01;False;0.01;False;0.55;False;0.22138725299999995;5.84;False;0.26356930700000003;0.05;False;0.06;False;0.05;False;ERR;ERR;ERR
230;0.26;True;0.01;True;0.02;True;0.59;True;0.528351065;0.86;True;0.7521017950000001;0.07;True;0.05;True;0.03;True;ERR;ERR;ERR
231;0.01;False;TO;TO;0.01;False;1.8;False;0.1799170259999998;TO;TO;TO;TO;TO;6.04;False;TO;TO;ERR;ERR;ERR
232;0.02;False;0.27;False;0.01;False;0.16;False;0.059187210000000004;0.97;False;0.06545126299999993;0.1;False;0.05;False;0.66;False;ERR;ERR;ERR
233;3.56;False;0.08;False;0.11;False;0.11;False;0.05468787600000001;0.24;False;0.06054032100000001;0.06;True;0.05;False;0.27;False;ERR;ERR;ERR
234;0.01;False;0.0;False;0.01;False;0.26;False;0.158289853;1.47;False;0.17724546600000002;0.06;False;0.03;False;0.04;False;ERR;ERR;ERR
235;ERR;ERR;0.01;False;0.01;False;0.03;False;2.0199999999997997e-05;0.06;False;4.3534999999997326e-05;0.08;False;0.02;False;0.02;False;ERR;ERR;ERR
236;TO;TO;0.01;True;0.0;True;0.36;True;0.17795234699999998;2.34;True;0.19671461899999998;0.07;True;0.05;True;0.05;True;ERR;ERR;ERR
237;ERR;ERR;4.12;False;0.01;False;0.55;False;0.08908517700000002;4.64;False;0.12953662499999963;0.8;False;2.24;False;8.71;False;ERR;ERR;ERR
238;ERR;ERR;0.0;False;0.0;False;12.57;False;2.1991562050000013;TO;TO;TO;ERR;ERR;ERR;ERR;ERR;ERR;ERR;ERR;ERR
239;0.11;True;0.01;True;0.01;True;0.15;True;0.10999417099999999;0.36;True;0.13503573800000002;0.07;True;0.73;False;0.03;True;ERR;ERR;ERR
240;0.84;True;0.01;True;0.01;True;0.11;True;0.07549220400000001;0.11;True;0.083376598;0.06;True;0.07;True;0.04;True;ERR;ERR;ERR
241;11.14;True;0.01;True;0.01;True;0.21;True;0.17873253700000002;0.23;True;0.202319612;0.06;True;0.06;True;0.03;True;ERR;ERR;ERR
242;ERR;ERR;0.0;False;0.01;False;0.93;False;0.24326564100000003;15.15;False;0.2705983180000011;0.06;False;ERR;ERR;0.05;False;ERR;ERR;ERR
243;87.82;False;0.37;False;0.56;False;ERR;ERR;ERR;ERR;ERR;ERR;0.1;False;0.41;False;1.18;False;ERR;ERR;ERR
244;0.02;False;TO;TO;0.01;False;0.49;False;0.29341397399999997;30.33;False;0.3469123749999987;11.87;False;55.95;False;TO;TO;0.05;False;0.049751995131373405
245;0.02;False;0.01;False;0.01;False;0.19;False;0.136532065;0.38;False;0.148236283;0.05;False;0.03;False;0.03;False;ERR;ERR;ERR
246;0.01;False;0.65;False;1.18;False;ERR;ERR;ERR;TO;TO;TO;0.29;False;ERR;ERR;2.51;False;ERR;ERR;ERR
247;0.01;False;0.01;False;0.01;False;16.33;False;0.14408699500000033;TO;TO;TO;0.06;False;ERR;ERR;0.03;False;ERR;ERR;ERR
248;ERR;ERR;0.01;True;0.01;True;0.61;True;0.12051627500000006;5.87;True;0.15590069699999987;0.07;True;0.14;False;0.04;True;ERR;ERR;ERR
249;0.01;False;0.01;False;0.01;False;ERR;ERR;ERR;TO;TO;TO;0.05;False;0.03;False;0.04;False;ERR;ERR;ERR
250;0.01;False;0.01;True;0.01;True;0.13;True;0.07852863199999999;0.34;True;0.092032841;0.07;True;0.05;False;0.05;True;ERR;ERR;ERR
251;0.01;False;0.01;False;0.01;False;ERR;ERR;ERR;TO;TO;TO;0.06;False;0.06;False;0.03;False;ERR;ERR;ERR
252;TO;TO;0.54;False;0.74;False;0.14;False;0.111160513;0.17;False;0.132498751;0.14;False;0.57;False;1.68;False;ERR;ERR;ERR
253;0.1;True;0.01;True;0.0;True;0.1;True;0.07066133299999999;0.19;True;0.11780786999999998;0.07;True;ERR;ERR;0.03;True;ERR;ERR;ERR
254;0.0;False;0.0;True;0.01;True;0.39;True;0.08539529899999998;17.25;True;0.12371596699999898;0.06;True;0.1;False;0.02;True;ERR;ERR;ERR
255;ERR;ERR;0.0;False;0.01;False;4.19;False;0.0022295859999998946;TO;TO;TO;0.06;False;0.04;False;0.03;False;ERR;ERR;ERR
256;0.02;False;0.0;False;0.0;False;0.11;False;0.079117395;0.15;False;0.089824967;0.05;False;0.04;False;0.03;False;ERR;ERR;ERR
257;0.0;False;0.02;True;0.02;True;0.78;True;0.0009669309999998932;6.1;True;0.001124708999999946;TO;TO;0.11;False;0.07;True;ERR;ERR;ERR
258;0.0;False;0.01;True;0.01;True;0.68;True;0.16123482299999997;6.73;True;0.20189461400000042;ERR;ERR;ERR;ERR;ERR;ERR;ERR;ERR;ERR
259;0.01;False;1.0;False;0.01;False;0.51;False;0.418244365;1.05;False;0.406838414;ERR;ERR;ERR;ERR;ERR;ERR;ERR;ERR;ERR
260;0.01;True;0.0;True;0.01;True;0.12;True;0.0004373170000000065;1.7;True;0.0009493449999999903;0.07;True;2.07;False;0.05;True;ERR;ERR;ERR
261;0.01;False;0.57;False;0.95;False;0.42;False;0.141670187;40.98;False;0.14409245299999895;ERR;ERR;ERR;ERR;ERR;ERR;ERR;ERR;ERR
262;0.03;True;0.0;True;0.01;True;0.27;True;0.22465270400000004;0.32;True;0.23884529599999998;0.06;True;0.04;True;0.04;True;ERR;ERR;ERR
263;0.01;False;0.0;True;0.01;True;1.08;True;0.21395041999999997;15.0;True;0.2798812420000001;ERR;ERR;ERR;ERR;ERR;ERR;ERR;ERR;ERR
264;ERR;ERR;0.01;True;0.0;True;0.75;True;0.11707564999999998;3.73;True;0.13360877700000007;0.06;True;0.06;False;0.04;True;ERR;ERR;ERR
265;ERR;ERR;0.01;False;0.0;False;0.18;False;0.09721349700000001;0.75;False;0.11166261599999994;0.05;False;0.07;False;0.03;False;ERR;ERR;ERR
266;41.9;True;0.01;True;0.0;True;0.25;True;0.169944317;0.76;True;0.20375124999999994;0.06;True;0.36;False;0.04;True;ERR;ERR;ERR
267;ERR;ERR;0.01;False;0.01;False;TO;TO;TO;TO;TO;TO;0.07;False;0.04;False;0.04;False;ERR;ERR;ERR
268;0.01;False;TO;TO;ERR;ERR;0.94;False;0.18145134799999996;87.21;False;0.23439617799999724;TO;TO;14.6;False;TO;TO;ERR;ERR;ERR
269;0.01;False;0.0;False;0.01;False;TO;TO;TO;TO;TO;TO;0.06;False;0.03;False;0.03;False;ERR;ERR;ERR
270;0.01;True;0.0;True;0.01;True;0.12;True;0.0007505369999999956;0.91;True;0.0009789590000000015;0.06;True;ERR;ERR;0.03;True;ERR;ERR;ERR
271;0.01;False;0.0;True;0.01;True;0.45;True;0.138991297;4.87;True;0.30460319800000013;0.07;True;ERR;ERR;0.04;True;ERR;ERR;ERR
272;0.0;False;TO;TO;0.0;False;0.24;False;0.101332541;3.86;False;0.11184355699999982;TO;TO;5.04;False;46.93;False;ERR;ERR;ERR
273;0.0;False;0.01;False;0.01;False;0.26;False;0.15642530400000002;0.9;False;0.179599579;0.05;False;0.06;False;0.05;False;ERR;ERR;ERR
274;ERR;ERR;0.01;False;0.0;False;0.77;False;0.06505796200000002;6.93;False;0.07252369900000044;0.07;False;0.03;False;0.04;False;ERR;ERR;ERR
275;0.03;False;0.0;False;0.01;False;0.17;False;0.133478221;0.24;False;0.21365718;0.07;False;0.06;False;0.04;False;ERR;ERR;ERR
276;0.01;True;0.0;True;0.01;True;0.05;True;0.0003910370000000038;0.14;True;0.0006258899999999901;0.06;True;0.1;False;0.04;True;ERR;ERR;ERR
277;ERR;ERR;0.42;False;0.98;False;0.08;False;0.050357676000000004;0.18;False;0.088811947;0.13;False;0.53;False;1.6;False;ERR;ERR;ERR
278;0.01;False;0.01;True;0.01;True;0.8;True;0.0005047380000000601;8.46;True;0.0014164569999994825;0.06;True;ERR;ERR;0.04;True;ERR;ERR;ERR
279;0.01;False;2.1;False;3.8;False;0.44;False;0.32917948799999996;3.45;False;0.34520919900000013;0.59;False;1.89;False;7.63;False;ERR;ERR;ERR
280;0.01;False;0.01;False;0.01;False;ERR;ERR;ERR;TO;TO;TO;0.05;False;0.06;False;0.04;False;ERR;ERR;ERR
281;0.01;False;0.01;False;0.01;False;5.83;False;0.2862744990000001;36.76;False;0.3262902109999999;0.07;False;0.02;False;0.03;False;ERR;ERR;ERR
282;0.01;False;0.01;False;0.01;False;0.14;False;0.0006292040000000221;54.98;False;0.0011793999999980542;0.04;False;ERR;ERR;0.02;False;ERR;ERR;ERR
283;0.0;False;0.01;True;0.01;True;2.63;True;0.1569031719999998;33.89;True;0.1995034750000002;ERR;ERR;ERR;ERR;ERR;ERR;ERR;ERR;ERR
284;0.01;False;0.34;False;0.0;False;ERR;ERR;ERR;TO;TO;TO;ERR;ERR;ERR;ERR;ERR;ERR;ERR;ERR;ERR
285;0.01;False;0.0;False;0.01;False;0.53;False;0.00017693499999998918;44.06;False;0.0002525190000000066;0.06;False;0.03;False;0.04;False;ERR;ERR;ERR
286;ERR;ERR;0.0;False;0.01;False;0.81;False;0.06464044499999999;6.89;False;0.0724748350000004;0.06;False;0.03;False;0.04;False;ERR;ERR;ERR
287;ERR;ERR;TO;TO;0.01;False;0.07;False;0.0007407620000000059;0.5;False;0.0010377980000000342;TO;TO;TO;TO;TO;TO;ERR;ERR;ERR
288;0.02;True;0.01;True;0.01;True;0.24;True;0.201963578;0.36;True;0.235102499;0.07;True;0.03;True;0.04;True;ERR;ERR;ERR
289;0.01;False;0.01;False;0.0;False;0.03;False;2.4035999999998114e-05;0.03;False;2.411599999999764e-05;0.08;False;0.04;False;0.05;False;ERR;ERR;ERR
290;ERR;ERR;TO;TO;ERR;ERR;0.35;False;0.00227675799999999;18.1;False;0.002648596000000225;TO;TO;TO;TO;TO;TO;ERR;ERR;ERR
291;0.01;False;0.01;False;0.01;False;0.19;False;0.12469167200000002;0.39;False;0.13826450600000004;0.07;False;0.07;False;0.05;False;ERR;ERR;ERR
292;0.02;False;0.01;False;0.01;False;0.29;False;0.157214281;1.38;False;0.18286469900000002;0.07;False;0.05;False;0.05;False;ERR;ERR;ERR
293;0.0;False;0.01;True;0.01;True;0.68;True;0.136716942;7.52;True;0.17921814700000027;ERR;ERR;ERR;ERR;ERR;ERR;ERR;ERR;ERR
294;ERR;ERR;0.01;True;0.01;True;ERR;ERR;ERR;TO;TO;TO;0.07;True;TO;TO;0.04;True;ERR;ERR;ERR
295;0.01;False;0.01;False;0.02;False;0.04;False;5.4562000000001054e-05;0.22;False;9.77669999999986e-05;0.07;False;0.04;False;0.04;False;ERR;ERR;ERR
296;0.01;False;1.27;False;2.08;False;0.6;False;0.156616692;5.84;False;0.1744107210000001;ERR;ERR;ERR;ERR;ERR;ERR;ERR;ERR;ERR
297;0.01;False;0.01;False;0.01;False;0.11;False;0.073068677;0.12;False;0.07718022699999999;0.06;False;0.04;False;0.04;False;ERR;ERR;ERR
298;ERR;ERR;0.01;False;0.01;False;TO;TO;TO;TO;TO;TO;0.07;False;0.03;False;0.02;False;ERR;ERR;ERR
299;0.01;False;0.0;False;0.0;False;0.56;False;0.11290995800000003;6.9;False;0.12467041000000023;0.05;False;ERR;ERR;0.04;False;ERR;ERR;ERR
300;0.0;False;0.38;False;0.58;False;2.37;False;0.10100350600000008;17.85;False;0.12083530399999987;0.16;False;ERR;ERR;1.31;False;ERR;ERR;ERR
301;ERR;ERR;0.0;False;0.01;False;0.09;False;7.650400000000501e-05;13.62;False;0.00013417200000098717;0.06;False;0.03;False;0.03;False;ERR;ERR;ERR
302;ERR;ERR;0.0;True;0.01;True;0.34;True;0.23466373999999998;2.91;True;0.46731986700000006;0.05;True;0.06;True;0.04;True;ERR;ERR;ERR
303;ERR;ERR;0.0;True;0.01;True;0.21;True;0.08359351299999998;1.39;True;0.11153203999999994;0.07;True;ERR;ERR;0.03;True;ERR;ERR;ERR
304;ERR;ERR;0.0;False;0.0;False;4.33;False;0.18233672800000011;TO;TO;TO;0.07;False;0.04;False;0.04;False;ERR;ERR;ERR
305;0.01;False;0.01;True;0.0;True;0.23;True;0.11796486500000002;1.02;True;0.14890053000000003;ERR;ERR;ERR;ERR;ERR;ERR;ERR;ERR;ERR
306;0.01;False;0.02;False;0.01;False;1.03;False;0.11990064100000009;31.16;False;0.13838067900000084;0.07;False;ERR;ERR;0.13;False;ERR;ERR;ERR
307;0.02;False;5.03;False;0.01;False;0.3;False;0.109359068;11.74;False;0.13809979700000063;1.17;False;0.17;False;16.34;False;ERR;ERR;ERR
308;0.0;False;0.01;False;0.01;False;0.2;False;0.06919316900000001;1.03;False;0.07509294499999997;0.07;False;0.04;False;0.05;False;ERR;ERR;ERR
309;0.01;False;0.0;False;0.0;False;0.95;False;0.19236216500000003;22.29;False;0.2279731869999999;0.06;False;0.05;False;0.04;False;ERR;ERR;ERR
310;0.01;False;0.01;True;0.01;True;0.48;True;0.15768898999999997;4.35;True;0.2234339649999999;ERR;ERR;ERR;ERR;ERR;ERR;ERR;ERR;ERR
311;0.02;True;0.01;True;0.01;True;0.16;True;0.11092396700000001;0.38;True;0.13942219300000003;0.06;True;0.05;False;0.04;True;ERR;ERR;ERR
312;0.02;False;0.0;False;0.0;False;0.37;False;0.179384176;2.27;False;0.1974791370000002;0.06;False;0.05;False;0.04;False;ERR;ERR;ERR
313;0.01;False;13.47;False;8.8;False;0.94;False;0.30202344700000006;TO;TO;TO;19.91;False;31.81;False;1.69;False;ERR;ERR;ERR
314;3.26;False;3.75;False;12.19;False;0.21;False;0.183020184;0.23;False;0.19723628;2.12;False;3.77;False;16.79;False;ERR;ERR;ERR
315;0.01;False;0.01;False;0.0;False;0.03;False;2.1401999999996757e-05;0.04;False;2.446700000000024e-05;0.06;False;0.04;False;0.04;False;ERR;ERR;ERR
316;0.01;True;TO;TO;ERR;ERR;0.3;True;0.18011935900000003;0.52;True;0.19933969999999995;TO;TO;ERR;ERR;TO;TO;ERR;ERR;ERR
317;0.02;True;0.01;True;0.01;True;0.04;True;0.0004332400000000014;0.15;True;0.0006867010000000118;0.07;True;0.1;False;0.04;True;ERR;ERR;ERR
318;TO;TO;0.0;True;0.01;True;0.33;True;0.160371698;2.15;True;0.18668230099999983;0.07;True;0.04;True;0.05;True;ERR;ERR;ERR
319;0.64;True;0.0;True;0.01;True;0.21;True;0.135521548;0.55;True;0.14625598100000003;0.07;True;0.05;False;0.04;True;ERR;ERR;ERR
320;0.01;False;0.01;False;0.01;False;0.06;False;3.848700000000371e-05;0.19;False;5.937000000000303e-05;0.07;False;0.03;False;0.04;False;ERR;ERR;ERR
321;0.01;True;0.0;True;0.01;True;0.04;True;0.0004909770000000035;0.28;True;0.0008654899999999688;0.06;True;0.05;False;0.03;True;ERR;ERR;ERR
322;0.01;False;0.44;False;0.74;False;0.23;False;0.166529851;3.82;False;0.25007055599999983;ERR;ERR;ERR;ERR;ERR;ERR;ERR;ERR;ERR
323;0.01;False;0.01;True;0.0;True;0.12;True;0.089250085;0.13;True;0.09401942300000002;0.06;True;0.04;True;0.04;True;ERR;ERR;ERR
324;0.0;False;0.01;False;0.01;False;0.04;False;5.4562000000001054e-05;0.35;False;9.160700000004907e-05;0.06;False;0.04;False;0.04;False;ERR;ERR;ERR
325;0.01;False;3.75;False;0.0;False;0.21;False;0.10439678000000001;1.33;False;0.11180539;0.55;False;ERR;ERR;5.45;False;ERR;ERR;ERR
326;0.01;False;0.01;True;0.0;True;0.05;True;0.0004940119999999951;0.17;True;0.0008204019999999979;0.06;True;ERR;ERR;0.03;True;ERR;ERR;ERR
327;0.01;False;0.01;False;0.01;False;ERR;ERR;ERR;TO;TO;TO;0.07;False;0.02;False;0.05;False;ERR;ERR;ERR
328;0.01;False;0.01;False;0.01;False;0.21;False;0.098231746;1.11;False;0.11141263099999998;0.06;False;0.04;False;0.04;False;ERR;ERR;ERR
329;0.05;False;0.01;True;0.01;True;0.11;True;0.069410095;0.11;True;0.066296992;0.05;True;0.04;True;0.03;True;ERR;ERR;ERR
330;0.01;False;1.53;False;0.01;False;ERR;ERR;ERR;TO;TO;TO;0.25;False;ERR;ERR;3.06;False;ERR;ERR;ERR
331;0.01;False;0.01;False;0.01;False;ERR;ERR;ERR;TO;TO;TO;0.07;False;0.04;False;0.04;False;ERR;ERR;ERR
332;0.01;False;TO;TO;ERR;ERR;0.36;False;0.312489097;5.96;False;0.46225273000000033;16.25;False;TO;TO;TO;TO;ERR;ERR;ERR
333;ERR;ERR;0.01;False;0.0;False;2.92;False;0.0016991110000001974;TO;TO;TO;0.05;False;0.03;False;0.02;False;ERR;ERR;ERR
334;0.01;False;0.0;True;0.01;True;0.23;True;0.153973815;0.43;True;0.19559017099999998;ERR;ERR;ERR;ERR;ERR;ERR;ERR;ERR;ERR
335;0.01;False;0.01;False;0.01;False;0.19;False;0.14824196099999998;2.47;False;0.1780538690000002;ERR;ERR;0.04;False;0.03;False;ERR;ERR;ERR
336;0.01;False;TO;TO;0.02;False;0.09;False;0.041275034;0.32;False;0.04349646900000001;TO;TO;0.39;False;TO;TO;ERR;ERR;ERR
337;TO;TO;0.95;False;1.38;False;0.13;False;0.09903226700000001;0.14;False;0.10742559600000001;0.05;True;0.56;False;3.06;False;ERR;ERR;ERR
338;0.01;False;0.01;True;0.01;True;0.22;True;0.09287336300000001;1.19;True;0.11429259400000003;ERR;ERR;ERR;ERR;ERR;ERR;ERR;ERR;ERR
339;0.0;False;0.01;False;0.0;False;0.07;False;0.04334322799999999;0.09;False;0.057766898000000004;0.05;False;0.06;False;0.03;False;ERR;ERR;ERR
340;0.01;False;0.01;False;0.01;False;0.25;False;0.171583717;2.0;False;0.18801844600000006;0.05;False;0.04;False;0.04;False;ERR;ERR;ERR
341;0.01;False;0.01;False;0.01;False;ERR;ERR;ERR;TO;TO;TO;0.06;False;0.07;False;0.03;False;ERR;ERR;ERR
342;0.01;False;0.01;False;0.01;False;0.09;False;0.062594604;0.15;False;0.068090504;0.06;False;0.06;False;0.04;False;ERR;ERR;ERR
343;TO;TO;0.01;True;0.01;True;0.06;True;0.041048263999999994;0.17;True;0.130482144;0.05;True;0.48;False;0.03;True;ERR;ERR;ERR
344;ERR;ERR;0.28;False;0.01;False;0.19;False;0.10589692199999999;0.7;False;0.14520008499999992;0.14;False;ERR;ERR;0.74;False;ERR;ERR;ERR
345;0.02;True;0.0;True;0.01;True;0.25;True;0.180281482;0.52;True;0.19067285;ERR;ERR;ERR;ERR;ERR;ERR;ERR;ERR;ERR
346;0.01;False;0.13;False;0.19;False;0.24;False;0.16867427000000002;0.88;False;0.20540305000000003;0.07;False;0.14;False;0.25;False;ERR;ERR;ERR
347;0.01;False;0.01;False;0.01;False;0.2;False;0.152095585;0.24;False;0.16155078699999997;0.06;False;0.06;False;0.04;False;ERR;ERR;ERR
348;0.01;False;0.45;False;0.01;False;0.14;False;0.07979825700000001;0.34;False;0.09294929700000001;ERR;ERR;ERR;ERR;ERR;ERR;ERR;ERR;ERR
349;0.01;False;0.01;True;0.0;True;0.26;True;0.10305304300000001;8.55;True;0.1648072659999995;ERR;ERR;ERR;ERR;ERR;ERR;ERR;ERR;ERR
350;0.02;False;0.0;True;0.01;True;0.17;True;0.11890773000000002;0.32;True;0.145069369;ERR;ERR;ERR;ERR;ERR;ERR;ERR;ERR;ERR
351;0.01;False;8.97;False;6.75;False;0.51;False;0.21432903800000003;1.3;False;0.24603169400000002;1.92;False;0.05;False;4.94;False;ERR;ERR;ERR
352;0.0;False;1.56;False;0.01;False;0.18;False;0.093301425;0.95;False;0.113435917;ERR;ERR;ERR;ERR;ERR;ERR;ERR;ERR;ERR
353;0.01;False;0.01;False;0.01;False;0.17;False;0.080095824;2.4;False;0.08660078799999993;0.05;False;0.05;False;0.05;False;ERR;ERR;ERR
354;0.02;False;0.01;False;0.01;False;0.2;False;0.00021668499999999424;0.66;False;0.0002510669999999937;0.05;False;0.03;False;0.04;False;ERR;ERR;ERR
355;0.01;False;2.66;False;8.6;False;1.18;False;0.15008681000000001;10.54;False;0.17418069499999866;ERR;ERR;ERR;ERR;ERR;ERR;ERR;ERR;ERR
356;0.0;False;0.01;False;0.01;False;2.02;False;0.41058078200000003;27.43;False;0.476946777000002;ERR;ERR;ERR;ERR;ERR;ERR;ERR;ERR;ERR
357;0.01;False;0.01;False;0.01;False;0.04;False;2.1843000000000556e-05;0.05;False;3.098700000000315e-05;0.07;False;0.04;False;0.03;False;ERR;ERR;ERR
358;0.01;False;0.0;False;0.0;False;0.39;False;0.16771452000000003;1.23;False;0.190829515;0.06;False;0.03;False;0.04;False;ERR;ERR;ERR
359;ERR;ERR;0.01;False;0.01;False;TO;TO;TO;TO;TO;TO;ERR;ERR;ERR;ERR;ERR;ERR;ERR;ERR;ERR
360;0.01;False;0.01;True;0.0;True;0.1;True;0.065033345;0.11;True;0.071755365;0.07;True;0.04;True;0.03;True;ERR;ERR;ERR
361;0.01;False;0.01;False;0.0;False;1.69;False;0.18393048000000012;18.05;False;0.21152460799999773;0.08;False;0.04;False;0.04;False;ERR;ERR;ERR
362;0.0;True;0.01;True;0.01;True;0.13;True;0.097472006;0.14;True;0.10848073899999999;0.06;True;ERR;ERR;0.04;True;ERR;ERR;ERR
363;0.01;False;0.01;False;0.01;False;1.04;False;0.1908988490000001;11.46;False;0.2206910680000007;ERR;ERR;ERR;ERR;ERR;ERR;ERR;ERR;ERR
364;0.01;False;11.19;False;ERR;ERR;0.28;False;0.224158833;0.88;False;0.25701430799999997;ERR;ERR;37.97;False;TO;TO;ERR;ERR;ERR
365;0.01;False;TO;TO;ERR;ERR;0.16;False;0.09086314499999999;8.41;False;0.18149837900000065;TO;TO;61.51;False;TO;TO;ERR;ERR;ERR
366;0.01;False;2.14;False;3.82;False;0.5;False;0.394294796;3.2;False;0.36070021200000024;0.6;False;1.79;False;8.63;False;ERR;ERR;ERR
367;0.02;False;TO;TO;ERR;ERR;0.13;False;0.0007266410000000001;11.16;False;0.001172069000000775;TO;TO;TO;TO;TO;TO;ERR;ERR;ERR
368;0.85;True;0.01;True;0.0;True;0.09;True;0.06504517300000001;0.1;True;0.071551969;0.06;True;0.05;True;0.02;True;ERR;ERR;ERR
369;0.01;False;0.01;False;0.01;False;TO;TO;TO;TO;TO;TO;0.05;False;0.05;False;0.03;False;ERR;ERR;ERR
370;ERR;ERR;0.01;True;0.0;True;0.12;True;0.08952493700000001;0.13;True;0.105924943;0.06;True;0.07;True;0.03;True;ERR;ERR;ERR
371;0.01;False;13.15;False;ERR;ERR;2.04;False;0.30069801800000007;TO;TO;TO;17.68;False;42.74;False;TO;TO;ERR;ERR;ERR
372;14.99;True;0.01;True;0.01;True;0.83;True;0.34415993399999995;13.83;True;0.3275552000000008;0.05;True;0.75;False;0.05;True;ERR;ERR;ERR
373;35.35;True;0.01;True;0.0;True;0.19;True;0.15457500700000001;0.26;True;0.211720072;0.06;True;0.06;True;0.04;True;ERR;ERR;ERR
374;0.6;False;TO;TO;TO;TO;0.19;False;0.123700104;0.23;False;0.13314511;20.42;False;0.5;False;TO;TO;ERR;ERR;ERR
375;0.01;False;0.0;True;0.01;True;0.95;True;0.20039853799999996;11.35;True;0.25958371499999977;ERR;ERR;ERR;ERR;ERR;ERR;ERR;ERR;ERR
376;ERR;ERR;0.01;False;0.01;False;ERR;ERR;ERR;ERR;ERR;ERR;0.07;False;0.03;False;0.05;False;ERR;ERR;ERR
377;0.01;False;0.01;False;0.0;False;0.8;False;0.18991273799999997;83.8;False;0.23950781099999574;ERR;ERR;ERR;ERR;ERR;ERR;ERR;ERR;ERR
378;88.36;False;0.37;False;0.56;False;ERR;ERR;ERR;ERR;ERR;ERR;0.09;False;0.4;False;1.2;False;ERR;ERR;ERR
379;0.0;False;0.01;False;0.01;False;0.49;False;0.136293516;12.07;False;0.14792783999999948;0.06;False;0.06;False;0.04;False;ERR;ERR;ERR
380;0.01;False;0.01;True;0.0;True;0.16;True;0.100971629;0.38;True;0.10627542899999998;0.05;True;ERR;ERR;0.04;True;ERR;ERR;ERR
381;0.01;False;0.01;False;0.0;False;ERR;ERR;ERR;TO;TO;TO;0.06;False;0.03;False;0.04;False;ERR;ERR;ERR
382;0.0;False;0.01;True;0.01;True;0.17;True;0.132942184;0.23;True;0.14512471300000002;0.07;True;0.06;True;0.03;True;ERR;ERR;ERR
383;0.01;False;0.01;True;0.0;True;0.5;True;0.14526791699999997;5.09;True;0.18518599400000024;ERR;ERR;ERR;ERR;ERR;ERR;ERR;ERR;ERR
384;0.13;True;0.0;True;0.01;True;0.12;True;0.087039837;0.39;True;0.19614034800000002;0.06;True;0.25;False;0.04;True;ERR;ERR;ERR
385;0.01;True;0.01;False;0.01;False;TO;TO;TO;TO;TO;TO;ERR;ERR;ERR;ERR;ERR;ERR;ERR;ERR;ERR
386;0.01;False;0.01;False;0.01;False;0.28;False;0.23403373400000002;0.42;False;0.26373073;0.07;False;ERR;ERR;0.04;False;ERR;ERR;ERR
387;ERR;ERR;0.01;False;0.01;False;0.04;False;6.10919999999987e-05;0.05;False;8.150199999999719e-05;0.06;False;0.03;False;0.04;False;ERR;ERR;ERR
388;0.01;False;0.0;True;0.01;True;0.57;True;0.176910232;5.61;True;0.24713484900000005;ERR;ERR;ERR;ERR;ERR;ERR;ERR;ERR;ERR
389;0.01;False;0.0;True;0.01;True;0.11;True;0.077489481;0.18;True;0.105182029;0.07;True;ERR;ERR;0.03;True;ERR;ERR;ERR
390;0.01;True;0.0;True;0.01;True;0.1;True;0.0005906260000000108;0.57;True;0.0007237069999999624;0.07;True;0.1;False;0.05;True;ERR;ERR;ERR
391;0.01;False;0.92;False;1.41;False;0.37;False;0.22508561400000002;1.6;False;0.28016774199999994;0.12;False;0.72;False;3.16;False;ERR;ERR;ERR
392;0.01;False;0.01;True;0.01;True;0.31;True;0.198367428;1.12;True;0.2763416289999999;ERR;ERR;ERR;ERR;ERR;ERR;ERR;ERR;ERR
393;0.01;False;0.0;False;0.01;False;0.13;False;0.068763223;0.25;False;0.07521244399999999;0.06;False;0.03;False;0.03;False;ERR;ERR;ERR
394;0.01;False;0.01;False;0.01;False;0.37;False;0.147700529;2.81;False;0.17015968000000026;0.05;False;0.05;False;0.05;False;ERR;ERR;ERR
395;0.01;False;0.02;False;0.01;False;0.12;False;0.000982684999999997;1.72;False;0.0012740829999999814;0.07;False;0.1;False;0.1;False;ERR;ERR;ERR
396;0.01;False;0.05;False;0.01;False;0.57;False;0.30729028199999997;6.01;False;0.3730891569999999;ERR;ERR;ERR;ERR;ERR;ERR;ERR;ERR;ERR
397;0.01;False;0.61;False;0.51;False;1.73;False;0.398248814;TO;TO;TO;0.12;False;0.29;False;0.61;False;ERR;ERR;ERR
398;0.01;False;0.01;True;0.01;True;2.76;True;0.154056148;35.33;True;0.19954459699999916;ERR;ERR;ERR;ERR;ERR;ERR;ERR;ERR;ERR
399;14.37;False;6.57;False;0.0;False;0.15;False;0.11800375399999999;0.19;False;0.12705915499999998;1.35;False;0.06;False;0.05;False;ERR;ERR;ERR
400;0.02;False;0.01;False;0.01;False;0.04;False;2.6419999999999222e-05;0.04;False;2.8141999999994893e-05;ERR;ERR;ERR;ERR;ERR;ERR;ERR;ERR;ERR
401;11.39;True;0.01;True;0.0;True;0.17;True;0.136585064;0.25;True;0.175114016;0.06;True;0.04;True;0.03;True;ERR;ERR;ERR
402;ERR;ERR;0.0;False;0.0;False;2.94;False;0.0017436269999997478;TO;TO;TO;0.04;False;0.03;False;0.04;False;ERR;ERR;ERR
403;0.01;False;0.01;True;0.01;True;0.13;True;0.09253699800000001;0.17;True;0.096676351;0.06;True;0.03;False;0.04;True;ERR;ERR;ERR
404;ERR;ERR;0.0;False;0.0;False;0.49;False;0.15364487;10.52;False;0.1736990020000011;0.05;False;0.04;False;0.04;False;ERR;ERR;ERR
405;ERR;ERR;0.0;False;0.01;False;0.33;False;0.0015605220000000086;9.88;False;0.002012651000001142;0.06;False;0.04;False;0.03;False;ERR;ERR;ERR
406;0.14;False;0.09;False;0.12;False;0.18;False;0.09399714;0.61;False;0.10616694599999993;0.07;False;ERR;ERR;0.22;False;ERR;ERR;ERR
407;ERR;ERR;TO;TO;0.01;False;2.97;False;0.056174378000000136;17.62;False;0.062498029000000344;34.66;False;0.29;False;TO;TO;ERR;ERR;ERR
408;ERR;ERR;0.0;True;0.01;True;0.17;True;0.03675360799999999;1.66;True;0.12223710799999998;0.06;True;ERR;ERR;0.03;True;ERR;ERR;ERR
409;0.01;False;0.01;False;0.01;False;0.85;False;0.09935616400000002;21.15;False;0.11162513900000093;ERR;ERR;ERR;ERR;ERR;ERR;ERR;ERR;ERR
410;0.01;False;0.01;False;0.01;False;50.79;False;0.16137879899999774;TO;TO;TO;0.06;False;ERR;ERR;0.03;False;ERR;ERR;ERR
411;43.43;True;0.0;True;0.0;True;0.12;True;0.07472214699999999;0.3;True;0.08792331199999998;0.06;True;0.18;False;0.02;True;ERR;ERR;ERR
412;0.01;False;0.11;False;0.01;False;0.15;False;0.099682052;0.48;False;0.132584669;0.07;False;0.15;False;0.04;False;ERR;ERR;ERR
413;TO;TO;0.01;True;0.01;True;0.2;True;0.151693692;0.51;True;0.18381424600000001;0.05;True;0.04;True;0.04;True;ERR;ERR;ERR
414;11.4;True;0.01;True;0.0;True;0.2;True;0.109382784;0.76;True;0.140667893;0.07;True;0.2;False;0.03;True;ERR;ERR;ERR
415;0.02;False;0.01;True;0.01;True;0.19;True;0.141674824;0.34;True;0.15462743599999998;0.05;True;ERR;ERR;0.05;True;ERR;ERR;ERR
416;0.01;False;0.01;False;0.01;False;0.37;False;0.15596619500000003;2.28;False;0.18096385700000006;0.07;False;0.04;False;0.05;False;ERR;ERR;ERR
417;0.01;False;0.01;False;0.0;False;0.87;False;0.09727775299999997;9.16;False;0.11136624999999967;0.07;False;0.03;False;0.03;False;ERR;ERR;ERR
418;0.01;False;0.01;True;0.01;True;ERR;ERR;ERR;TO;TO;TO;0.06;True;ERR;ERR;0.03;True;ERR;ERR;ERR
419;0.0;False;0.01;True;0.01;True;0.58;True;0.179905278;5.29;True;0.23571269400000006;ERR;ERR;ERR;ERR;ERR;ERR;ERR;ERR;ERR
420;0.01;False;0.01;True;0.01;True;0.11;True;0.081769797;0.19;True;0.111916256;0.06;True;ERR;ERR;0.04;True;ERR;ERR;ERR
421;40.01;False;14.96;False;0.02;False;0.22;False;0.19053364099999998;0.26;False;0.205648999;3.12;False;0.06;False;0.03;False;ERR;ERR;ERR
422;ERR;ERR;0.01;True;0.01;True;0.19;True;0.09108137300000001;0.81;True;0.12199379300000002;0.07;True;ERR;ERR;0.04;True;ERR;ERR;ERR
423;0.01;False;0.0;False;0.0;False;ERR;ERR;ERR;TO;TO;TO;0.07;False;0.05;False;0.04;False;ERR;ERR;ERR
424;0.11;True;0.01;True;0.01;True;0.18;True;0.125805644;0.36;True;0.12957071599999997;0.06;True;0.72;False;0.02;True;ERR;ERR;ERR
425;38.59;True;0.01;True;0.01;True;0.21;True;0.12130858399999998;0.75;True;0.14767761499999998;0.07;True;0.23;False;0.04;True;ERR;ERR;ERR
426;0.01;False;0.18;False;0.0;False;0.51;False;0.253611361;7.34;False;0.3331984210000005;0.08;False;0.33;False;0.04;False;ERR;ERR;ERR
427;0.01;False;0.01;False;0.01;False;TO;TO;TO;TO;TO;TO;0.07;False;0.05;False;0.05;False;ERR;ERR;ERR
428;77.47;False;0.44;False;0.51;False;0.15;False;0.114449939;0.18;False;0.14611622;0.11;False;0.43;False;1.19;False;ERR;ERR;ERR
429;0.01;False;0.01;True;0.01;True;0.37;True;0.245801308;1.26;True;0.2831223869999999;0.06;True;0.06;True;0.03;True;ERR;ERR;ERR
430;ERR;ERR;6.69;False;0.01;False;0.23;False;0.092779272;1.43;False;0.10122019199999999;0.8;False;0.06;False;13.26;False;ERR;ERR;ERR
431;0.01;False;0.01;False;0.0;False;0.38;False;0.188641371;2.03;False;0.21066212299999987;0.07;False;0.02;False;0.03;False;ERR;ERR;ERR
432;0.01;False;1.76;True;2.27;True;2.28;True;0.24205455199999992;21.21;True;0.3156575619999984;0.37;True;2.54;False;4.79;True;ERR;ERR;ERR
433;0.22;False;0.09;False;0.13;False;0.13;False;0.07818749900000001;0.5;False;0.09292981699999997;0.06;False;ERR;ERR;0.37;False;ERR;ERR;ERR
434;0.01;False;0.01;False;0.0;False;0.42;False;0.158259438;1.68;False;0.17893077600000007;0.05;False;0.06;False;0.03;False;ERR;ERR;ERR
435;0.03;False;0.01;False;0.01;False;0.16;False;0.10815463000000002;0.58;False;0.12403166099999996;0.08;False;0.02;False;0.03;False;ERR;ERR;ERR
436;0.01;False;0.0;False;0.0;False;0.13;False;0.071689526;4.25;False;0.07972336499999999;0.05;False;0.03;False;0.04;False;ERR;ERR;ERR
